participant_id,clozapine_accept,threshold,threshold_label,efficacy_sufficiency,side_effect_max_impact,side_effect_sedation,side_effect_hypersalivation,side_effect_weight_metabolic,side_effect_constipation,side_effect_infection_blood,side_effect_myocarditis,support_eligible,support_base_visit,support_v3n2,support_v2n3,support_v1n4,support_v2n1,support_v1n2,support_v1n1,support_accept_any,support_accept_condition,support_threshold_label
P001,1,V2,週2回通院なら受容,3,5,4,2,3,3,4,5,1,V2,not_asked,refused,not_asked,accepted,not_asked,not_asked,1,V2N1,週3回確認まで受容（週2通院+週1訪問）
P002,1,V1,週1回通院なら受容,3,5,1,2,4,3,3,5,1,V1,not_asked,not_asked,accepted,not_asked,not_asked,not_asked,1,V1N4,週5回確認まで受容（週1通院+週4訪問）
P003,1,NONE,通院のみ条件は非受容/保留,2,4,2,3,3,3,4,3,0,not_asked,not_asked,not_asked,not_asked,not_asked,not_asked,not_asked,0,SNONE,訪問看護追加は非受容/保留
P004,1,NONE,通院のみ条件は非受容/保留,4,5,3,3,1,3,3,5,0,not_asked,not_asked,not_asked,not_asked,not_asked,not_asked,not_asked,0,SNONE,訪問看護追加は非受容/保留
P005,1,V2,週2回通院なら受容,4,5,3,3,3,1,5,5,1,V2,not_asked,refused,not_asked,refused,not_asked,not_asked,0,SNONE,訪問看護追加は非受容/保留
P006,1,V1,週1回通院なら受容,3,4,3,4,3,3,3,4,1,V1,not_asked,not_asked,refused,not_asked,refused,accepted,1,V1N1,週2回確認まで受容（週1通院+週1訪問）
P007,0,NONE,通院のみ条件は非受容/保留,4,4,3,2,4,2,4,4,0,not_asked,not_asked,not_asked,not_asked,not_asked,not_asked,not_asked,0,SNONE,訪問看護追加は非受容/保留
P008,1,V3,週3回通院なら受容,5,5,1,1,2,3,4,5,1,V3,refused,not_asked,not_asked,not_asked,not_asked,not_asked,0,SNONE,訪問看護追加は非受容/保留
P009,1,V1,週1回通院なら受容,4,5,2,1,1,4,3,5,1,V1,not_asked,not_asked,refused,not_asked,refused,refused,0,SNONE,訪問看護追加は非受容/保留
P010,0,NONE,通院のみ条件は非受容/保留,3,3,3,2,3,2,3,3,0,not_asked,not_asked,not_asked,not_asked,not_asked,not_asked,not_asked,0,SNONE,訪問看護追加は非受容/保留
P011,1,V3,週3回通院なら受容,4,5,3,3,4,5,5,5,1,V3,refused,not_asked,not_asked,not_asked,not_asked,not_asked,0,SNONE,訪問看護追加は非受容/保留
P012,0,NONE,通院のみ条件は非受容/保留,4,4,3,2,2,1,4,3,0,not_asked,not_asked,not_asked,not_asked,not_asked,not_asked,not_asked,0,SNONE,訪問看護追加は非受容/保留
P013,1,V3,週3回通院なら受容,4,5,3,2,4,3,5,4,1,V3,refused,not_asked,not_asked,not_asked,not_asked,not_asked,0,SNONE,訪問看護追加は非受容/保留
P014,1,V2,週2回通院なら受容,2,4,3,2,4,2,3,4,1,V2,not_asked,accepted,not_asked,not_asked,not_asked,not_asked,1,V2N3,週5回確認まで受容（週2通院+週3訪問）
P015,1,V1,週1回通院なら受容,3,5,3,3,4,4,3,5,1,V1,not_asked,not_asked,refused,not_asked,accepted,not_asked,1,V1N2,週3回確認まで受容（週1通院+週2訪問）
P016,1,V2,週2回通院なら受容,2,4,1,2,2,2,2,4,1,V2,not_asked,accepted,not_asked,not_asked,not_asked,not_asked,1,V2N3,週5回確認まで受容（週2通院+週3訪問）
P017,0,NONE,通院のみ条件は非受容/保留,3,4,2,3,3,2,3,4,0,not_asked,not_asked,not_asked,not_asked,not_asked,not_asked,not_asked,0,SNONE,訪問看護追加は非受容/保留
P018,1,V3,週3回通院なら受容,5,4,3,2,2,3,2,4,1,V3,refused,not_asked,not_asked,not_asked,not_asked,not_asked,0,SNONE,訪問看護追加は非受容/保留
P019,1,V1,週1回通院なら受容,4,3,2,3,2,3,2,3,1,V1,not_asked,not_asked,refused,not_asked,refused,accepted,1,V1N1,週2回確認まで受容（週1通院+週1訪問）
P020,1,NONE,通院のみ条件は非受容/保留,4,5,2,1,5,3,4,5,0,not_asked,not_asked,not_asked,not_asked,not_asked,not_asked,not_asked,0,SNONE,訪問看護追加は非受容/保留
P021,0,NONE,通院のみ条件は非受容/保留,4,3,2,2,2,1,2,3,0,not_asked,not_asked,not_asked,not_asked,not_asked,not_asked,not_asked,0,SNONE,訪問看護追加は非受容/保留
P022,1,NONE,通院のみ条件は非受容/保留,4,4,3,3,4,4,4,2,0,not_asked,not_asked,not_asked,not_asked,not_asked,not_asked,not_asked,0,SNONE,訪問看護追加は非受容/保留
P023,1,V2,週2回通院なら受容,5,4,3,1,2,1,4,2,1,V2,not_asked,refused,not_asked,accepted,not_asked,not_asked,1,V2N1,週3回確認まで受容（週2通院+週1訪問）
P024,1,V1,週1回通院なら受容,2,4,4,3,3,1,3,3,1,V1,not_asked,not_asked,refused,not_asked,accepted,not_asked,1,V1N2,週3回確認まで受容（週1通院+週2訪問）
P025,1,V2,週2回通院なら受容,5,4,2,3,3,3,3,4,1,V2,not_asked,refused,not_asked,accepted,not_asked,not_asked,1,V2N1,週3回確認まで受容（週2通院+週1訪問）
P026,0,NONE,通院のみ条件は非受容/保留,2,4,3,4,2,3,4,2,0,not_asked,not_asked,not_asked,not_asked,not_asked,not_asked,not_asked,0,SNONE,訪問看護追加は非受容/保留
P027,1,NONE,通院のみ条件は非受容/保留,4,5,4,1,3,1,3,5,0,not_asked,not_asked,not_asked,not_asked,not_asked,not_asked,not_asked,0,SNONE,訪問看護追加は非受容/保留
P028,1,NONE,通院のみ条件は非受容/保留,3,4,3,2,4,3,2,3,0,not_asked,not_asked,not_asked,not_asked,not_asked,not_asked,not_asked,0,SNONE,訪問看護追加は非受容/保留
P029,1,V1,週1回通院なら受容,4,4,3,4,2,3,4,2,1,V1,not_asked,not_asked,refused,not_asked,accepted,not_asked,1,V1N2,週3回確認まで受容（週1通院+週2訪問）
P030,1,V1,週1回通院なら受容,4,5,5,1,3,2,3,2,1,V1,not_asked,not_asked,refused,not_asked,accepted,not_asked,1,V1N2,週3回確認まで受容（週1通院+週2訪問）
P031,1,NONE,通院のみ条件は非受容/保留,3,4,4,2,3,3,4,3,0,not_asked,not_asked,not_asked,not_asked,not_asked,not_asked,not_asked,0,SNONE,訪問看護追加は非受容/保留
P032,1,V1,週1回通院なら受容,2,5,3,1,5,4,3,5,1,V1,not_asked,not_asked,refused,not_asked,accepted,not_asked,1,V1N2,週3回確認まで受容（週1通院+週2訪問）
P033,1,V3,週3回通院なら受容,5,5,4,3,3,5,4,4,1,V3,accepted,not_asked,not_asked,not_asked,not_asked,not_asked,1,V3N2,週5回確認まで受容（週3通院+週2訪問）
P034,1,V1,週1回通院なら受容,4,4,4,4,3,1,4,4,1,V1,not_asked,not_asked,accepted,not_asked,not_asked,not_asked,1,V1N4,週5回確認まで受容（週1通院+週4訪問）
P035,1,V3,週3回通院なら受容,4,4,2,3,3,2,4,2,1,V3,refused,not_asked,not_asked,not_asked,not_asked,not_asked,0,SNONE,訪問看護追加は非受容/保留
P036,1,V2,週2回通院なら受容,3,4,3,1,4,1,3,4,1,V2,not_asked,refused,not_asked,accepted,not_asked,not_asked,1,V2N1,週3回確認まで受容（週2通院+週1訪問）
P037,1,NONE,通院のみ条件は非受容/保留,2,5,3,2,3,3,5,4,0,not_asked,not_asked,not_asked,not_asked,not_asked,not_asked,not_asked,0,SNONE,訪問看護追加は非受容/保留
P038,1,V3,週3回通院なら受容,3,5,4,1,3,2,4,5,1,V3,accepted,not_asked,not_asked,not_asked,not_asked,not_asked,1,V3N2,週5回確認まで受容（週3通院+週2訪問）
P039,0,NONE,通院のみ条件は非受容/保留,5,5,1,2,3,3,3,5,0,not_asked,not_asked,not_asked,not_asked,not_asked,not_asked,not_asked,0,SNONE,訪問看護追加は非受容/保留
P040,1,V3,週3回通院なら受容,3,5,2,3,2,2,4,5,1,V3,accepted,not_asked,not_asked,not_asked,not_asked,not_asked,1,V3N2,週5回確認まで受容（週3通院+週2訪問）
P041,1,V1,週1回通院なら受容,2,4,3,2,3,3,3,4,1,V1,not_asked,not_asked,accepted,not_asked,not_asked,not_asked,1,V1N4,週5回確認まで受容（週1通院+週4訪問）
P042,1,NONE,通院のみ条件は非受容/保留,3,3,2,2,2,3,2,3,0,not_asked,not_asked,not_asked,not_asked,not_asked,not_asked,not_asked,0,SNONE,訪問看護追加は非受容/保留
P043,1,V2,週2回通院なら受容,2,5,4,3,3,4,5,5,1,V2,not_asked,refused,not_asked,accepted,not_asked,not_asked,1,V2N1,週3回確認まで受容（週2通院+週1訪問）
P044,0,NONE,通院のみ条件は非受容/保留,2,5,3,5,1,1,3,4,0,not_asked,not_asked,not_asked,not_asked,not_asked,not_asked,not_asked,0,SNONE,訪問看護追加は非受容/保留
P045,1,NONE,通院のみ条件は非受容/保留,4,4,3,3,3,4,3,3,0,not_asked,not_asked,not_asked,not_asked,not_asked,not_asked,not_asked,0,SNONE,訪問看護追加は非受容/保留
P046,1,V3,週3回通院なら受容,3,4,2,3,4,3,3,3,1,V3,refused,not_asked,not_asked,not_asked,not_asked,not_asked,0,SNONE,訪問看護追加は非受容/保留
P047,0,NONE,通院のみ条件は非受容/保留,4,5,4,4,2,3,5,5,0,not_asked,not_asked,not_asked,not_asked,not_asked,not_asked,not_asked,0,SNONE,訪問看護追加は非受容/保留
P048,1,V2,週2回通院なら受容,4,5,2,2,3,5,5,3,1,V2,not_asked,accepted,not_asked,not_asked,not_asked,not_asked,1,V2N3,週5回確認まで受容（週2通院+週3訪問）
P049,1,V2,週2回通院なら受容,5,5,1,4,4,5,3,4,1,V2,not_asked,refused,not_asked,refused,not_asked,not_asked,0,SNONE,訪問看護追加は非受容/保留
P050,1,V1,週1回通院なら受容,3,5,2,3,2,4,5,5,1,V1,not_asked,not_asked,refused,not_asked,accepted,not_asked,1,V1N2,週3回確認まで受容（週1通院+週2訪問）
P051,0,NONE,通院のみ条件は非受容/保留,4,5,3,3,5,5,4,3,0,not_asked,not_asked,not_asked,not_asked,not_asked,not_asked,not_asked,0,SNONE,訪問看護追加は非受容/保留
P052,1,V1,週1回通院なら受容,4,5,5,1,2,2,4,4,1,V1,not_asked,not_asked,refused,not_asked,refused,refused,0,SNONE,訪問看護追加は非受容/保留
P053,0,NONE,通院のみ条件は非受容/保留,3,4,2,3,3,2,3,4,0,not_asked,not_asked,not_asked,not_asked,not_asked,not_asked,not_asked,0,SNONE,訪問看護追加は非受容/保留
P054,1,V1,週1回通院なら受容,4,5,2,3,3,4,5,4,1,V1,not_asked,not_asked,refused,not_asked,accepted,not_asked,1,V1N2,週3回確認まで受容（週1通院+週2訪問）
P055,1,V3,週3回通院なら受容,5,5,2,3,1,2,5,3,1,V3,refused,not_asked,not_asked,not_asked,not_asked,not_asked,0,SNONE,訪問看護追加は非受容/保留
P056,1,NONE,通院のみ条件は非受容/保留,3,4,2,3,3,3,4,3,0,not_asked,not_asked,not_asked,not_asked,not_asked,not_asked,not_asked,0,SNONE,訪問看護追加は非受容/保留
P057,0,NONE,通院のみ条件は非受容/保留,4,4,3,1,4,3,3,4,0,not_asked,not_asked,not_asked,not_asked,not_asked,not_asked,not_asked,0,SNONE,訪問看護追加は非受容/保留
P058,1,V3,週3回通院なら受容,3,5,2,3,3,1,1,5,1,V3,refused,not_asked,not_asked,not_asked,not_asked,not_asked,0,SNONE,訪問看護追加は非受容/保留
P059,1,NONE,通院のみ条件は非受容/保留,4,4,4,2,3,2,4,3,0,not_asked,not_asked,not_asked,not_asked,not_asked,not_asked,not_asked,0,SNONE,訪問看護追加は非受容/保留
P060,1,NONE,通院のみ条件は非受容/保留,2,3,3,2,2,2,3,3,0,not_asked,not_asked,not_asked,not_asked,not_asked,not_asked,not_asked,0,SNONE,訪問看護追加は非受容/保留
P061,1,V1,週1回通院なら受容,5,5,5,2,2,4,2,3,1,V1,not_asked,not_asked,accepted,not_asked,not_asked,not_asked,1,V1N4,週5回確認まで受容（週1通院+週4訪問）
P062,1,NONE,通院のみ条件は非受容/保留,3,4,4,4,3,4,4,4,0,not_asked,not_asked,not_asked,not_asked,not_asked,not_asked,not_asked,0,SNONE,訪問看護追加は非受容/保留
P063,1,V1,週1回通院なら受容,3,4,2,3,4,4,2,4,1,V1,not_asked,not_asked,refused,not_asked,accepted,not_asked,1,V1N2,週3回確認まで受容（週1通院+週2訪問）
P064,1,V3,週3回通院なら受容,3,4,2,2,3,3,1,4,1,V3,refused,not_asked,not_asked,not_asked,not_asked,not_asked,0,SNONE,訪問看護追加は非受容/保留
P065,0,NONE,通院のみ条件は非受容/保留,3,4,4,3,3,4,4,4,0,not_asked,not_asked,not_asked,not_asked,not_asked,not_asked,not_asked,0,SNONE,訪問看護追加は非受容/保留
P066,1,V3,週3回通院なら受容,3,4,3,3,3,3,3,4,1,V3,refused,not_asked,not_asked,not_asked,not_asked,not_asked,0,SNONE,訪問看護追加は非受容/保留
P067,1,V2,週2回通院なら受容,4,5,1,3,3,2,3,5,1,V2,not_asked,refused,not_asked,refused,not_asked,not_asked,0,SNONE,訪問看護追加は非受容/保留
P068,0,NONE,通院のみ条件は非受容/保留,4,4,3,2,3,2,3,4,0,not_asked,not_asked,not_asked,not_asked,not_asked,not_asked,not_asked,0,SNONE,訪問看護追加は非受容/保留
P069,0,NONE,通院のみ条件は非受容/保留,2,5,4,3,3,3,2,5,0,not_asked,not_asked,not_asked,not_asked,not_asked,not_asked,not_asked,0,SNONE,訪問看護追加は非受容/保留
P070,1,V2,週2回通院なら受容,3,5,3,2,3,5,3,3,1,V2,not_asked,accepted,not_asked,not_asked,not_asked,not_asked,1,V2N3,週5回確認まで受容（週2通院+週3訪問）
P071,1,V1,週1回通院なら受容,5,4,3,4,4,4,3,4,1,V1,not_asked,not_asked,refused,not_asked,refused,accepted,1,V1N1,週2回確認まで受容（週1通院+週1訪問）
P072,1,V3,週3回通院なら受容,5,4,2,2,3,2,4,4,1,V3,refused,not_asked,not_asked,not_asked,not_asked,not_asked,0,SNONE,訪問看護追加は非受容/保留
P073,1,V1,週1回通院なら受容,3,5,5,2,2,2,4,4,1,V1,not_asked,not_asked,refused,not_asked,accepted,not_asked,1,V1N2,週3回確認まで受容（週1通院+週2訪問）
P074,1,NONE,通院のみ条件は非受容/保留,4,4,4,2,3,2,3,4,0,not_asked,not_asked,not_asked,not_asked,not_asked,not_asked,not_asked,0,SNONE,訪問看護追加は非受容/保留
P075,1,NONE,通院のみ条件は非受容/保留,4,5,3,4,3,3,5,4,0,not_asked,not_asked,not_asked,not_asked,not_asked,not_asked,not_asked,0,SNONE,訪問看護追加は非受容/保留
P076,1,V2,週2回通院なら受容,4,5,2,3,2,3,5,4,1,V2,not_asked,refused,not_asked,refused,not_asked,not_asked,0,SNONE,訪問看護追加は非受容/保留
P077,1,NONE,通院のみ条件は非受容/保留,4,4,3,4,3,3,4,2,0,not_asked,not_asked,not_asked,not_asked,not_asked,not_asked,not_asked,0,SNONE,訪問看護追加は非受容/保留
P078,1,V2,週2回通院なら受容,4,4,3,3,3,3,4,2,1,V2,not_asked,accepted,not_asked,not_asked,not_asked,not_asked,1,V2N3,週5回確認まで受容（週2通院+週3訪問）
P079,1,V2,週2回通院なら受容,5,4,4,2,3,2,3,4,1,V2,not_asked,refused,not_asked,accepted,not_asked,not_asked,1,V2N1,週3回確認まで受容（週2通院+週1訪問）
P080,1,V2,週2回通院なら受容,4,5,3,2,5,1,4,3,1,V2,not_asked,accepted,not_asked,not_asked,not_asked,not_asked,1,V2N3,週5回確認まで受容（週2通院+週3訪問）
P081,1,V1,週1回通院なら受容,3,4,4,3,4,3,2,4,1,V1,not_asked,not_asked,refused,not_asked,accepted,not_asked,1,V1N2,週3回確認まで受容（週1通院+週2訪問）
P082,1,NONE,通院のみ条件は非受容/保留,3,4,3,3,2,2,4,3,0,not_asked,not_asked,not_asked,not_asked,not_asked,not_asked,not_asked,0,SNONE,訪問看護追加は非受容/保留
P083,1,V1,週1回通院なら受容,3,5,2,3,5,1,3,3,1,V1,not_asked,not_asked,refused,not_asked,refused,accepted,1,V1N1,週2回確認まで受容（週1通院+週1訪問）
P084,1,V2,週2回通院なら受容,3,4,4,3,3,3,4,2,1,V2,not_asked,accepted,not_asked,not_asked,not_asked,not_asked,1,V2N3,週5回確認まで受容（週2通院+週3訪問）
P085,1,V2,週2回通院なら受容,3,5,3,3,3,4,3,5,1,V2,not_asked,accepted,not_asked,not_asked,not_asked,not_asked,1,V2N3,週5回確認まで受容（週2通院+週3訪問）
P086,0,NONE,通院のみ条件は非受容/保留,5,5,2,2,2,4,2,5,0,not_asked,not_asked,not_asked,not_asked,not_asked,not_asked,not_asked,0,SNONE,訪問看護追加は非受容/保留
P087,1,V3,週3回通院なら受容,3,4,4,4,3,1,4,4,1,V3,refused,not_asked,not_asked,not_asked,not_asked,not_asked,0,SNONE,訪問看護追加は非受容/保留
P088,0,NONE,通院のみ条件は非受容/保留,4,4,4,3,2,2,2,4,0,not_asked,not_asked,not_asked,not_asked,not_asked,not_asked,not_asked,0,SNONE,訪問看護追加は非受容/保留
P089,1,V3,週3回通院なら受容,3,5,4,3,4,4,4,5,1,V3,refused,not_asked,not_asked,not_asked,not_asked,not_asked,0,SNONE,訪問看護追加は非受容/保留
P090,0,NONE,通院のみ条件は非受容/保留,3,4,2,3,3,3,3,4,0,not_asked,not_asked,not_asked,not_asked,not_asked,not_asked,not_asked,0,SNONE,訪問看護追加は非受容/保留
P091,1,NONE,通院のみ条件は非受容/保留,4,4,3,3,3,2,2,4,0,not_asked,not_asked,not_asked,not_asked,not_asked,not_asked,not_asked,0,SNONE,訪問看護追加は非受容/保留
P092,1,V2,週2回通院なら受容,3,4,2,2,4,2,3,3,1,V2,not_asked,refused,not_asked,accepted,not_asked,not_asked,1,V2N1,週3回確認まで受容（週2通院+週1訪問）
P093,1,V1,週1回通院なら受容,3,4,2,3,2,3,4,3,1,V1,not_asked,not_asked,refused,not_asked,refused,refused,0,SNONE,訪問看護追加は非受容/保留
P094,1,V1,週1回通院なら受容,2,5,4,3,3,4,4,5,1,V1,not_asked,not_asked,refused,not_asked,accepted,not_asked,1,V1N2,週3回確認まで受容（週1通院+週2訪問）
P095,1,V1,週1回通院なら受容,4,4,3,3,3,4,3,2,1,V1,not_asked,not_asked,refused,not_asked,refused,accepted,1,V1N1,週2回確認まで受容（週1通院+週1訪問）
P096,0,NONE,通院のみ条件は非受容/保留,3,5,3,4,3,2,4,5,0,not_asked,not_asked,not_asked,not_asked,not_asked,not_asked,not_asked,0,SNONE,訪問看護追加は非受容/保留
P097,1,V2,週2回通院なら受容,4,5,4,2,2,3,5,4,1,V2,not_asked,refused,not_asked,refused,not_asked,not_asked,0,SNONE,訪問看護追加は非受容/保留
P098,0,NONE,通院のみ条件は非受容/保留,4,5,5,2,3,2,3,4,0,not_asked,not_asked,not_asked,not_asked,not_asked,not_asked,not_asked,0,SNONE,訪問看護追加は非受容/保留
P099,0,NONE,通院のみ条件は非受容/保留,3,4,2,4,3,1,4,3,0,not_asked,not_asked,not_asked,not_asked,not_asked,not_asked,not_asked,0,SNONE,訪問看護追加は非受容/保留
P100,1,NONE,通院のみ条件は非受容/保留,4,5,4,2,4,3,4,5,0,not_asked,not_asked,not_asked,not_asked,not_asked,not_asked,not_asked,0,SNONE,訪問看護追加は非受容/保留
P101,1,V1,週1回通院なら受容,4,5,5,3,2,3,5,4,1,V1,not_asked,not_asked,accepted,not_asked,not_asked,not_asked,1,V1N4,週5回確認まで受容（週1通院+週4訪問）
P102,1,V3,週3回通院なら受容,2,4,1,4,3,4,3,3,1,V3,refused,not_asked,not_asked,not_asked,not_asked,not_asked,0,SNONE,訪問看護追加は非受容/保留
P103,0,NONE,通院のみ条件は非受容/保留,4,4,4,2,4,3,4,4,0,not_asked,not_asked,not_asked,not_asked,not_asked,not_asked,not_asked,0,SNONE,訪問看護追加は非受容/保留
P104,1,V1,週1回通院なら受容,4,4,3,2,3,3,4,4,1,V1,not_asked,not_asked,accepted,not_asked,not_asked,not_asked,1,V1N4,週5回確認まで受容（週1通院+週4訪問）
P105,1,NONE,通院のみ条件は非受容/保留,5,4,3,2,4,2,4,3,0,not_asked,not_asked,not_asked,not_asked,not_asked,not_asked,not_asked,0,SNONE,訪問看護追加は非受容/保留
P106,1,V1,週1回通院なら受容,4,5,3,3,5,3,4,4,1,V1,not_asked,not_asked,refused,not_asked,accepted,not_asked,1,V1N2,週3回確認まで受容（週1通院+週2訪問）
P107,1,V3,週3回通院なら受容,5,5,2,2,3,3,3,5,1,V3,refused,not_asked,not_asked,not_asked,not_asked,not_asked,0,SNONE,訪問看護追加は非受容/保留
P108,1,NONE,通院のみ条件は非受容/保留,4,5,2,2,4,2,4,5,0,not_asked,not_asked,not_asked,not_asked,not_asked,not_asked,not_asked,0,SNONE,訪問看護追加は非受容/保留
P109,1,V1,週1回通院なら受容,4,5,3,4,2,5,4,4,1,V1,not_asked,not_asked,refused,not_asked,accepted,not_asked,1,V1N2,週3回確認まで受容（週1通院+週2訪問）
P110,1,V2,週2回通院なら受容,4,4,3,4,4,4,4,2,1,V2,not_asked,refused,not_asked,refused,not_asked,not_asked,0,SNONE,訪問看護追加は非受容/保留
P111,1,V2,週2回通院なら受容,3,5,3,1,3,2,2,5,1,V2,not_asked,refused,not_asked,accepted,not_asked,not_asked,1,V2N1,週3回確認まで受容（週2通院+週1訪問）
P112,1,V2,週2回通院なら受容,5,5,4,1,4,2,5,4,1,V2,not_asked,accepted,not_asked,not_asked,not_asked,not_asked,1,V2N3,週5回確認まで受容（週2通院+週3訪問）
P113,1,NONE,通院のみ条件は非受容/保留,5,4,4,3,4,4,3,4,0,not_asked,not_asked,not_asked,not_asked,not_asked,not_asked,not_asked,0,SNONE,訪問看護追加は非受容/保留
P114,1,V1,週1回通院なら受容,3,4,2,2,4,2,4,4,1,V1,not_asked,not_asked,refused,not_asked,accepted,not_asked,1,V1N2,週3回確認まで受容（週1通院+週2訪問）
P115,1,V2,週2回通院なら受容,3,5,3,4,2,3,4,5,1,V2,not_asked,accepted,not_asked,not_asked,not_asked,not_asked,1,V2N3,週5回確認まで受容（週2通院+週3訪問）
P116,1,V2,週2回通院なら受容,3,5,3,2,4,1,5,3,1,V2,not_asked,accepted,not_asked,not_asked,not_asked,not_asked,1,V2N3,週5回確認まで受容（週2通院+週3訪問）
P117,0,NONE,通院のみ条件は非受容/保留,3,4,3,4,1,2,3,4,0,not_asked,not_asked,not_asked,not_asked,not_asked,not_asked,not_asked,0,SNONE,訪問看護追加は非受容/保留
P118,1,V1,週1回通院なら受容,3,5,1,2,3,4,2,5,1,V1,not_asked,not_asked,refused,not_asked,refused,refused,0,SNONE,訪問看護追加は非受容/保留
P119,0,NONE,通院のみ条件は非受容/保留,4,4,3,2,3,3,4,4,0,not_asked,not_asked,not_asked,not_asked,not_asked,not_asked,not_asked,0,SNONE,訪問看護追加は非受容/保留
P120,1,V3,週3回通院なら受容,3,4,1,4,3,4,3,3,1,V3,refused,not_asked,not_asked,not_asked,not_asked,not_asked,0,SNONE,訪問看護追加は非受容/保留
P121,0,NONE,通院のみ条件は非受容/保留,3,5,4,2,2,2,3,5,0,not_asked,not_asked,not_asked,not_asked,not_asked,not_asked,not_asked,0,SNONE,訪問看護追加は非受容/保留
P122,1,V1,週1回通院なら受容,2,4,2,1,2,2,3,4,1,V1,not_asked,not_asked,refused,not_asked,accepted,not_asked,1,V1N2,週3回確認まで受容（週1通院+週2訪問）
P123,1,V2,週2回通院なら受容,4,4,4,3,3,2,3,3,1,V2,not_asked,refused,not_asked,accepted,not_asked,not_asked,1,V2N1,週3回確認まで受容（週2通院+週1訪問）
P124,1,V1,週1回通院なら受容,5,5,2,2,1,4,3,5,1,V1,not_asked,not_asked,refused,not_asked,refused,refused,0,SNONE,訪問看護追加は非受容/保留
P125,0,NONE,通院のみ条件は非受容/保留,4,4,4,4,4,3,3,3,0,not_asked,not_asked,not_asked,not_asked,not_asked,not_asked,not_asked,0,SNONE,訪問看護追加は非受容/保留
P126,1,V1,週1回通院なら受容,5,4,1,2,3,2,3,4,1,V1,not_asked,not_asked,refused,not_asked,refused,accepted,1,V1N1,週2回確認まで受容（週1通院+週1訪問）
P127,1,V2,週2回通院なら受容,5,5,3,1,5,4,4,5,1,V2,not_asked,accepted,not_asked,not_asked,not_asked,not_asked,1,V2N3,週5回確認まで受容（週2通院+週3訪問）
P128,1,V1,週1回通院なら受容,4,5,2,2,3,4,5,5,1,V1,not_asked,not_asked,accepted,not_asked,not_asked,not_asked,1,V1N4,週5回確認まで受容（週1通院+週4訪問）
P129,1,V3,週3回通院なら受容,5,5,2,2,3,4,5,5,1,V3,refused,not_asked,not_asked,not_asked,not_asked,not_asked,0,SNONE,訪問看護追加は非受容/保留
P130,1,V1,週1回通院なら受容,4,5,3,2,3,3,5,4,1,V1,not_asked,not_asked,accepted,not_asked,not_asked,not_asked,1,V1N4,週5回確認まで受容（週1通院+週4訪問）
P131,1,V3,週3回通院なら受容,4,4,3,4,3,4,4,4,1,V3,refused,not_asked,not_asked,not_asked,not_asked,not_asked,0,SNONE,訪問看護追加は非受容/保留
P132,1,NONE,通院のみ条件は非受容/保留,3,4,3,3,3,4,3,4,0,not_asked,not_asked,not_asked,not_asked,not_asked,not_asked,not_asked,0,SNONE,訪問看護追加は非受容/保留
P133,1,V2,週2回通院なら受容,3,4,4,4,2,2,4,3,1,V2,not_asked,refused,not_asked,refused,not_asked,not_asked,0,SNONE,訪問看護追加は非受容/保留
P134,1,V1,週1回通院なら受容,4,5,4,1,4,2,3,5,1,V1,not_asked,not_asked,refused,not_asked,accepted,not_asked,1,V1N2,週3回確認まで受容（週1通院+週2訪問）
P135,1,V1,週1回通院なら受容,3,4,3,1,4,2,1,3,1,V1,not_asked,not_asked,accepted,not_asked,not_asked,not_asked,1,V1N4,週5回確認まで受容（週1通院+週4訪問）
P136,1,V3,週3回通院なら受容,3,4,2,4,3,4,2,4,1,V3,refused,not_asked,not_asked,not_asked,not_asked,not_asked,0,SNONE,訪問看護追加は非受容/保留
P137,0,NONE,通院のみ条件は非受容/保留,2,4,2,3,3,3,4,4,0,not_asked,not_asked,not_asked,not_asked,not_asked,not_asked,not_asked,0,SNONE,訪問看護追加は非受容/保留
P138,1,V2,週2回通院なら受容,4,4,1,1,4,3,3,2,1,V2,not_asked,accepted,not_asked,not_asked,not_asked,not_asked,1,V2N3,週5回確認まで受容（週2通院+週3訪問）
P139,1,V3,週3回通院なら受容,5,4,3,4,2,3,4,3,1,V3,refused,not_asked,not_asked,not_asked,not_asked,not_asked,0,SNONE,訪問看護追加は非受容/保留
P140,1,NONE,通院のみ条件は非受容/保留,3,4,3,2,2,3,3,4,0,not_asked,not_asked,not_asked,not_asked,not_asked,not_asked,not_asked,0,SNONE,訪問看護追加は非受容/保留
P141,1,NONE,通院のみ条件は非受容/保留,3,5,4,4,5,3,4,5,0,not_asked,not_asked,not_asked,not_asked,not_asked,not_asked,not_asked,0,SNONE,訪問看護追加は非受容/保留
P142,1,V1,週1回通院なら受容,5,4,3,3,1,4,4,3,1,V1,not_asked,not_asked,refused,not_asked,accepted,not_asked,1,V1N2,週3回確認まで受容（週1通院+週2訪問）
P143,1,V2,週2回通院なら受容,3,4,4,2,3,2,3,4,1,V2,not_asked,accepted,not_asked,not_asked,not_asked,not_asked,1,V2N3,週5回確認まで受容（週2通院+週3訪問）
P144,0,NONE,通院のみ条件は非受容/保留,3,4,2,1,3,3,2,4,0,not_asked,not_asked,not_asked,not_asked,not_asked,not_asked,not_asked,0,SNONE,訪問看護追加は非受容/保留
P145,1,NONE,通院のみ条件は非受容/保留,5,4,3,4,4,1,4,4,0,not_asked,not_asked,not_asked,not_asked,not_asked,not_asked,not_asked,0,SNONE,訪問看護追加は非受容/保留
P146,1,NONE,通院のみ条件は非受容/保留,3,5,2,3,1,5,4,5,0,not_asked,not_asked,not_asked,not_asked,not_asked,not_asked,not_asked,0,SNONE,訪問看護追加は非受容/保留
P147,1,V1,週1回通院なら受容,3,4,3,1,1,4,3,2,1,V1,not_asked,not_asked,accepted,not_asked,not_asked,not_asked,1,V1N4,週5回確認まで受容（週1通院+週4訪問）
P148,1,V2,週2回通院なら受容,4,4,3,3,2,2,4,4,1,V2,not_asked,accepted,not_asked,not_asked,not_asked,not_asked,1,V2N3,週5回確認まで受容（週2通院+週3訪問）
P149,1,V3,週3回通院なら受容,5,3,1,3,3,3,3,3,1,V3,refused,not_asked,not_asked,not_asked,not_asked,not_asked,0,SNONE,訪問看護追加は非受容/保留
P150,1,V2,週2回通院なら受容,5,4,3,3,4,3,3,4,1,V2,not_asked,accepted,not_asked,not_asked,not_asked,not_asked,1,V2N3,週5回確認まで受容（週2通院+週3訪問）
P151,1,V2,週2回通院なら受容,5,4,3,4,4,2,2,4,1,V2,not_asked,accepted,not_asked,not_asked,not_asked,not_asked,1,V2N3,週5回確認まで受容（週2通院+週3訪問）
P152,1,V1,週1回通院なら受容,4,5,3,3,3,2,5,4,1,V1,not_asked,not_asked,refused,not_asked,refused,accepted,1,V1N1,週2回確認まで受容（週1通院+週1訪問）
P153,1,V2,週2回通院なら受容,4,5,4,5,2,3,4,4,1,V2,not_asked,accepted,not_asked,not_asked,not_asked,not_asked,1,V2N3,週5回確認まで受容（週2通院+週3訪問）
P154,1,NONE,通院のみ条件は非受容/保留,3,3,2,1,2,3,2,3,0,not_asked,not_asked,not_asked,not_asked,not_asked,not_asked,not_asked,0,SNONE,訪問看護追加は非受容/保留
P155,1,NONE,通院のみ条件は非受容/保留,4,5,4,4,5,3,3,5,0,not_asked,not_asked,not_asked,not_asked,not_asked,not_asked,not_asked,0,SNONE,訪問看護追加は非受容/保留
P156,1,V3,週3回通院なら受容,3,4,2,2,4,3,3,4,1,V3,refused,not_asked,not_asked,not_asked,not_asked,not_asked,0,SNONE,訪問看護追加は非受容/保留
P157,1,NONE,通院のみ条件は非受容/保留,5,4,3,4,3,3,3,4,0,not_asked,not_asked,not_asked,not_asked,not_asked,not_asked,not_asked,0,SNONE,訪問看護追加は非受容/保留
P158,1,NONE,通院のみ条件は非受容/保留,4,4,4,2,1,1,4,3,0,not_asked,not_asked,not_asked,not_asked,not_asked,not_asked,not_asked,0,SNONE,訪問看護追加は非受容/保留
P159,0,NONE,通院のみ条件は非受容/保留,3,4,3,4,3,2,1,4,0,not_asked,not_asked,not_asked,not_asked,not_asked,not_asked,not_asked,0,SNONE,訪問看護追加は非受容/保留
P160,1,V1,週1回通院なら受容,3,4,3,3,3,3,3,4,1,V1,not_asked,not_asked,accepted,not_asked,not_asked,not_asked,1,V1N4,週5回確認まで受容（週1通院+週4訪問）
P161,1,NONE,通院のみ条件は非受容/保留,4,5,2,3,4,2,4,5,0,not_asked,not_asked,not_asked,not_asked,not_asked,not_asked,not_asked,0,SNONE,訪問看護追加は非受容/保留
P162,1,NONE,通院のみ条件は非受容/保留,3,5,4,3,5,4,3,5,0,not_asked,not_asked,not_asked,not_asked,not_asked,not_asked,not_asked,0,SNONE,訪問看護追加は非受容/保留
P163,1,NONE,通院のみ条件は非受容/保留,3,4,1,1,4,1,3,3,0,not_asked,not_asked,not_asked,not_asked,not_asked,not_asked,not_asked,0,SNONE,訪問看護追加は非受容/保留
P164,1,V1,週1回通院なら受容,5,3,3,2,2,2,2,3,1,V1,not_asked,not_asked,refused,not_asked,accepted,not_asked,1,V1N2,週3回確認まで受容（週1通院+週2訪問）
P165,1,NONE,通院のみ条件は非受容/保留,5,5,4,3,3,3,5,3,0,not_asked,not_asked,not_asked,not_asked,not_asked,not_asked,not_asked,0,SNONE,訪問看護追加は非受容/保留
P166,1,NONE,通院のみ条件は非受容/保留,4,4,4,1,3,2,2,3,0,not_asked,not_asked,not_asked,not_asked,not_asked,not_asked,not_asked,0,SNONE,訪問看護追加は非受容/保留
P167,1,NONE,通院のみ条件は非受容/保留,2,5,3,3,3,4,5,2,0,not_asked,not_asked,not_asked,not_asked,not_asked,not_asked,not_asked,0,SNONE,訪問看護追加は非受容/保留
P168,1,V3,週3回通院なら受容,3,3,2,1,2,3,3,3,1,V3,accepted,not_asked,not_asked,not_asked,not_asked,not_asked,1,V3N2,週5回確認まで受容（週3通院+週2訪問）
P169,1,V3,週3回通院なら受容,2,4,4,2,4,4,4,3,1,V3,refused,not_asked,not_asked,not_asked,not_asked,not_asked,0,SNONE,訪問看護追加は非受容/保留
P170,1,V3,週3回通院なら受容,4,4,2,4,4,2,3,4,1,V3,refused,not_asked,not_asked,not_asked,not_asked,not_asked,0,SNONE,訪問看護追加は非受容/保留
P171,1,V1,週1回通院なら受容,3,4,4,3,3,4,2,3,1,V1,not_asked,not_asked,refused,not_asked,accepted,not_asked,1,V1N2,週3回確認まで受容（週1通院+週2訪問）
P172,1,V1,週1回通院なら受容,4,4,4,4,3,3,2,4,1,V1,not_asked,not_asked,refused,not_asked,accepted,not_asked,1,V1N2,週3回確認まで受容（週1通院+週2訪問）
P173,1,V2,週2回通院なら受容,4,5,2,2,5,4,5,3,1,V2,not_asked,refused,not_asked,refused,not_asked,not_asked,0,SNONE,訪問看護追加は非受容/保留
P174,1,V3,週3回通院なら受容,3,4,2,3,2,3,4,4,1,V3,accepted,not_asked,not_asked,not_asked,not_asked,not_asked,1,V3N2,週5回確認まで受容（週3通院+週2訪問）
P175,0,NONE,通院のみ条件は非受容/保留,5,4,2,3,4,2,4,3,0,not_asked,not_asked,not_asked,not_asked,not_asked,not_asked,not_asked,0,SNONE,訪問看護追加は非受容/保留
P176,0,NONE,通院のみ条件は非受容/保留,4,4,3,3,4,4,4,3,0,not_asked,not_asked,not_asked,not_asked,not_asked,not_asked,not_asked,0,SNONE,訪問看護追加は非受容/保留
P177,1,NONE,通院のみ条件は非受容/保留,4,4,2,2,3,2,3,4,0,not_asked,not_asked,not_asked,not_asked,not_asked,not_asked,not_asked,0,SNONE,訪問看護追加は非受容/保留
P178,0,NONE,通院のみ条件は非受容/保留,2,5,3,2,3,4,4,5,0,not_asked,not_asked,not_asked,not_asked,not_asked,not_asked,not_asked,0,SNONE,訪問看護追加は非受容/保留
P179,1,V3,週3回通院なら受容,5,5,3,4,5,4,4,5,1,V3,refused,not_asked,not_asked,not_asked,not_asked,not_asked,0,SNONE,訪問看護追加は非受容/保留
P180,0,NONE,通院のみ条件は非受容/保留,3,3,3,2,2,2,3,3,0,not_asked,not_asked,not_asked,not_asked,not_asked,not_asked,not_asked,0,SNONE,訪問看護追加は非受容/保留
