participant_id,response_frame,inpatient_now_accept,outpatient_now_accept,inpatient_worse_accept,outpatient_worse_accept,inpatient_asked_accept,outpatient_asked_accept
P001,actual_current,1,1,,,1,1
P002,actual_current,1,1,,,1,1
P003,actual_current,0,1,,,0,1
P004,actual_current,0,0,,,0,0
P005,actual_current,0,1,,,0,1
P006,actual_current,0,0,,,0,0
P007,actual_current,0,0,,,0,0
P008,actual_current,0,0,,,0,0
P009,actual_current,0,1,,,0,1
P010,actual_current,0,1,,,0,0
P011,actual_current,0,0,,,0,0
P012,actual_current,1,1,,,1,0
P013,actual_current,1,1,,,1,1
P014,actual_current,0,0,,,0,0
P015,actual_current,0,0,,,0,0
P016,actual_current,0,1,,,0,1
P017,actual_current,0,1,,,0,1
P018,actual_current,0,1,,,0,1
P019,actual_current,0,1,,,0,1
P020,actual_current,1,1,,,1,0
P021,actual_current,0,0,,,0,0
P022,actual_current,1,0,,,1,0
P023,actual_current,0,0,,,0,0
P024,actual_current,0,0,,,0,0
P025,actual_current,1,1,,,1,1
P026,actual_current,0,1,,,0,1
P027,actual_current,0,1,,,0,1
P028,actual_current,0,1,,,0,1
P029,actual_current,0,1,,,0,1
P030,actual_current,0,1,,,0,1
P031,actual_current,0,1,,,0,1
P032,actual_current,1,1,,,1,1
P033,actual_current,0,0,,,0,0
P034,actual_current,0,1,,,0,1
P035,actual_current,1,1,,,1,1
P036,actual_current,0,0,,,0,0
P037,actual_current,0,1,,,0,0
P038,actual_current,0,0,,,0,0
P039,actual_current,0,0,,,0,0
P040,actual_current,0,1,,,0,1
P041,actual_current,1,1,,,1,1
P042,actual_current,0,0,,,0,0
P043,actual_current,0,1,,,0,1
P044,actual_current,0,1,,,0,1
P045,actual_current,0,1,,,0,0
P046,actual_current,0,1,,,0,1
P047,actual_current,0,0,,,0,0
P048,actual_current,1,0,,,1,0
P049,actual_current,1,1,,,1,1
P050,actual_current,0,0,,,0,0
P051,actual_current,0,0,,,0,0
P052,actual_current,0,0,,,0,0
P053,actual_current,0,1,,,0,1
P054,actual_current,1,0,,,1,0
P055,actual_current,1,0,,,1,0
P056,actual_current,0,0,,,0,0
P057,actual_current,0,0,,,0,0
P058,actual_current,1,1,,,1,1
P059,actual_current,1,0,,,1,0
P060,actual_current,0,0,,,0,0
P061,actual_current,1,1,,,1,1
P062,actual_current,0,1,,,0,0
P063,actual_current,1,1,,,1,1
P064,actual_current,0,0,,,0,0
P065,actual_current,0,1,,,0,0
P066,actual_current,0,1,,,0,1
P067,actual_current,0,1,,,0,1
P068,actual_current,0,0,,,0,0
P069,actual_current,0,0,,,0,0
P070,actual_current,0,1,,,0,1
P071,actual_current,0,0,,,0,0
P072,actual_current,0,0,,,0,0
P073,actual_current,0,0,,,0,0
P074,actual_current,0,0,,,0,0
P075,actual_current,0,1,,,0,1
P076,actual_current,0,0,,,0,0
P077,actual_current,0,1,,,0,1
P078,actual_current,0,1,,,0,0
P079,actual_current,0,1,,,0,1
P080,actual_current,0,1,,,0,1
P081,actual_current,0,0,,,0,0
P082,actual_current,1,1,,,1,1
P083,actual_current,0,1,,,0,1
P084,actual_current,0,0,,,0,0
P085,actual_current,0,0,,,0,0
P086,actual_current,0,1,,,0,1
P087,actual_current,0,1,,,0,1
P088,actual_current,0,1,,,0,1
P089,actual_current,1,0,,,1,0
P090,actual_current,1,1,,,1,1
P091,actual_current,0,1,,,0,0
P092,actual_current,0,1,,,0,1
P093,actual_current,0,0,,,0,0
P094,actual_current,0,0,,,0,0
P095,actual_current,0,0,,,0,0
P096,actual_current,0,0,,,0,0
P097,actual_current,0,1,,,0,0
P098,actual_current,0,0,,,0,0
P099,actual_current,1,1,,,1,1
P100,actual_current,1,1,,,1,1
P101,actual_current,1,1,,,1,1
P102,actual_current,1,0,,,1,0
P103,actual_current,0,0,,,0,0
P104,actual_current,0,0,,,0,0
P105,actual_current,0,1,,,0,0
P106,actual_current,1,1,,,1,0
P107,actual_current,0,1,,,0,1
P108,actual_current,0,0,,,0,0
P109,actual_current,0,0,,,0,0
P110,actual_current,0,1,,,0,1
P111,actual_current,0,1,,,0,1
P112,actual_current,0,0,,,0,0
P113,actual_current,1,1,,,1,0
P114,actual_current,1,1,,,1,0
P115,actual_current,1,1,,,1,0
P116,actual_current,1,0,,,1,0
P117,actual_current,1,0,,,1,0
P118,actual_current,0,1,,,0,1
P119,actual_current,0,0,,,0,0
P120,actual_current,1,1,,,1,1
P121,actual_current,0,1,,,0,1
P122,actual_current,0,1,,,0,0
P123,actual_current,0,1,,,0,1
P124,actual_current,0,1,,,0,1
P125,actual_current,0,0,,,0,0
P126,actual_current,0,0,,,0,0
P127,actual_current,0,0,,,0,0
P128,actual_current,0,1,,,0,1
P129,actual_current,0,1,,,0,1
P130,actual_current,0,1,,,0,1
P131,actual_current,0,1,,,0,1
P132,actual_current,0,1,,,0,1
P133,actual_current,1,1,,,1,1
P134,actual_current,1,1,,,1,0
P135,actual_current,0,1,,,0,1
P136,actual_current,1,1,,,1,1
P137,actual_current,1,0,,,1,0
P138,actual_current,0,0,,,0,0
P139,actual_current,0,0,,,0,0
P140,actual_current,1,1,,,1,1
P141,actual_current,1,0,,,1,0
P142,actual_current,0,0,,,0,0
P143,actual_current,0,1,,,0,0
P144,actual_current,0,0,,,0,0
P145,actual_current,0,0,,,0,0
P146,actual_current,0,0,,,0,0
P147,actual_current,0,1,,,0,1
P148,actual_current,1,1,,,1,1
P149,actual_current,0,0,,,0,0
P150,actual_current,0,1,,,0,1
P151,actual_current,0,0,,,0,0
P152,actual_current,0,1,,,0,1
P153,actual_current,0,1,,,0,1
P154,actual_current,0,1,,,0,1
P155,actual_current,0,1,,,0,1
P156,actual_current,1,1,,,1,1
P157,actual_current,0,1,,,0,1
P158,actual_current,1,0,,,1,0
P159,actual_current,0,1,,,0,1
P160,actual_current,0,0,,,0,0
P161,actual_current,0,0,,,0,0
P162,actual_current,1,1,,,1,1
P163,actual_current,1,1,,,1,1
P164,actual_current,0,1,,,0,1
P165,actual_current,0,0,,,0,0
P166,actual_current,0,1,,,0,0
P167,actual_current,0,0,,,0,0
P168,actual_current,0,1,,,0,1
P169,actual_current,0,0,,,0,0
P170,actual_current,0,0,,,0,0
P171,actual_current,1,1,,,1,1
P172,actual_current,0,0,,,0,0
P173,actual_current,0,1,,,0,1
P174,actual_current,0,1,,,0,1
P175,actual_current,0,0,,,0,0
P176,actual_current,0,0,,,0,0
P177,actual_current,0,1,,,0,1
P178,actual_current,0,0,,,0,0
P179,actual_current,0,1,,,0,1
P180,actual_current,0,1,,,0,1
